{"cameraMode":{"drawMode":0,"name":"Shaded","section":"Shading Mode"},"sceneLighting":false,"audioPlay":false,"sceneViewState":{"m_AlwaysRefresh":false,"showFog":true,"showSkybox":false,"showFlares":true,"showImageEffects":true,"showParticleSystems":true,"showVisualEffectGraphs":true,"m_FxEnabled":true},"in2DMode":false,"pivot":{"x":-0.00023037195205688477,"y":0.9987082481384277,"z":0.0198591947555542},"rotation":{"x":-0.005843664985150099,"y":0.9835686683654785,"z":-0.17836642265319825,"w":-0.030939318239688875},"size":0.9739758968353272,"orthographic":false}